{"cameraMode":{"drawMode":0,"name":"Shaded","section":"Shading Mode"},"sceneLighting":false,"audioPlay":false,"sceneViewState":{"m_AlwaysRefresh":true,"showFog":true,"showSkybox":false,"showFlares":true,"showImageEffects":true,"showParticleSystems":true,"showVisualEffectGraphs":true,"m_FxEnabled":true},"in2DMode":false,"pivot":{"x":1.6163074970245362,"y":-0.6624011993408203,"z":0.6519867777824402},"rotation":{"x":-0.15659849345684052,"y":-0.5099809765815735,"z":0.09501144289970398,"w":-0.8404447436332703},"size":1.1997723579406739,"orthographic":false}