{"cameraMode":{"drawMode":0,"name":"Shaded","section":"Shading Mode"},"sceneLighting":false,"audioPlay":false,"sceneViewState":{"m_AlwaysRefresh":true,"showFog":true,"showSkybox":false,"showFlares":true,"showImageEffects":true,"showParticleSystems":true,"showVisualEffectGraphs":true,"m_FxEnabled":true},"in2DMode":false,"pivot":{"x":-0.443389892578125,"y":2.7504026889801027,"z":5.164639472961426},"rotation":{"x":0.10701587051153183,"y":-0.4316040277481079,"z":0.051644738763570788,"w":0.8941963911056519},"size":0.5674284100532532,"orthographic":false}