{"cameraMode":{"drawMode":0,"name":"Shaded","section":"Shading Mode"},"sceneLighting":true,"audioPlay":false,"sceneViewState":{"m_AlwaysRefresh":true,"showFog":true,"showSkybox":true,"showFlares":true,"showImageEffects":true,"showParticleSystems":true,"showVisualEffectGraphs":true,"m_FxEnabled":true},"in2DMode":false,"pivot":{"x":-0.13596034049987794,"y":0.7918652892112732,"z":0.8557310104370117},"rotation":{"x":-0.013510333374142647,"y":0.3945208787918091,"z":-0.005814537405967712,"w":-0.9187580943107605},"size":2.6049699783325197,"orthographic":false}